﻿{
   "CodeGenerationMode": 0,
   "ContextClassName": "InternshipSystemContext",
   "ContextNamespace": null,
   "DefaultDacpacSchema": null,
   "FilterSchemas": false,
   "IncludeConnectionString": true,
   "ModelNamespace": null,
   "OutputContextPath": null,
   "OutputPath": "Models\/Data",
   "ProjectRootNamespace": "PJ_BACKEND_64",
   "Schemas": null,
   "SelectedHandlebarsLanguage": 0,
   "SelectedToBeGenerated": 0,
   "Tables": [
      {
         "Name": "[dbo].[ACTIVITY]",
         "ObjectType": 0
      },
      {
         "Name": "[dbo].[APPOINT]",
         "ObjectType": 0
      },
      {
         "Name": "[dbo].[CHECKACTIVITY]",
         "ObjectType": 0
      },
      {
         "Name": "[dbo].[DOCUMENT]",
         "ObjectType": 0
      },
      {
         "Name": "[dbo].[FACULTY]",
         "ObjectType": 0
      },
      {
         "Name": "[dbo].[GROUPLEARNINH]",
         "ObjectType": 0
      },
      {
         "Name": "[dbo].[MAJOR]",
         "ObjectType": 0
      },
      {
         "Name": "[dbo].[MENTOR]",
         "ObjectType": 0
      },
      {
         "Name": "[dbo].[REGISTER]",
         "ObjectType": 0
      },
      {
         "Name": "[dbo].[SCHOOL]",
         "ObjectType": 0
      },
      {
         "Name": "[dbo].[TITLE]",
         "ObjectType": 0
      },
      {
         "Name": "[dbo].[USER]",
         "ObjectType": 0
      }
   ],
   "UiHint": "TARADOL-SONHUN\\SQLEXPRESS.EDUCATION_64",
   "UseBoolPropertiesWithoutDefaultSql": false,
   "UseDatabaseNames": false,
   "UseDbContextSplitting": false,
   "UseFluentApiOnly": true,
   "UseHandleBars": false,
   "UseHierarchyId": false,
   "UseInflector": true,
   "UseLegacyPluralizer": false,
   "UseManyToManyEntity": false,
   "UseNoConstructor": false,
   "UseNoDefaultConstructor": false,
   "UseNoNavigations": false,
   "UseNoObjectFilter": false,
   "UseNodaTime": false,
   "UseNullableReferences": false,
   "UseSchemaFolders": false,
   "UseSpatial": false
}